#CHROM,POS,ID,REF,ALT,QUAL,FILTER,INFO,FORMAT,N2
I,230840,1,N,<DEL>,.,.,"SVTYPE=DEL;STRANDS=+-:7;SVLEN=-1078;END=231918;CIPOS=-8,5;CIEND=-6,4;CIPOS95=-1,0;CIEND95=0,0;IMPRECISE;SU=7;PE=1;SR=6",GT:SU:PE:SR,./.:7:1:6
I,232750,2,N,<DEL>,.,.,"SVTYPE=DEL;STRANDS=+-:12;SVLEN=-5029;END=237779;CIPOS=-4,4;CIEND=-6,4;CIPOS95=0,0;CIEND95=0,0;SU=12;PE=6;SR=6",GT:SU:PE:SR,./.:12:6:6
I,669935,3,N,<DEL>,.,.,"SVTYPE=DEL;STRANDS=+-:7;SVLEN=-745;END=670680;CIPOS=-10,483;CIEND=-419,9;CIPOS95=-2,88;CIEND95=-61,3;IMPRECISE;SU=7;PE=7;SR=0",GT:SU:PE:SR,./.:7:7:0
I,669677,4,N,<DUP>,.,.,"SVTYPE=DUP;STRANDS=-+:6;SVLEN=1620;END=671297;CIPOS=-431,9;CIEND=-10,173;CIPOS95=-70,1;CIEND95=-3,52;IMPRECISE;SU=6;PE=6;SR=0",GT:SU:PE:SR,./.:6:6:0
I,1001405,5,N,<DUP>,.,.,"SVTYPE=DUP;STRANDS=-+:7;SVLEN=769;END=1002174;CIPOS=-410,9;CIEND=-10,374;CIPOS95=-73,2;CIEND95=-3,55;IMPRECISE;SU=7;PE=7;SR=0",GT:SU:PE:SR,./.:7:7:0
I,4466742,6,N,<DEL>,.,.,"SVTYPE=DEL;STRANDS=+-:5;SVLEN=-86;END=4466828;CIPOS=-10,9;CIEND=-10,9;CIPOS95=0,0;CIEND95=0,0;SU=5;PE=0;SR=5",GT:SU:PE:SR,./.:5:0:5
I,10946794,7,N,<DEL>,.,.,"SVTYPE=DEL;STRANDS=+-:4;SVLEN=-658;END=10947452;CIPOS=-10,117;CIEND=-316,9;CIPOS95=-2,80;CIEND95=-110,2;IMPRECISE;SU=4;PE=4;SR=0",GT:SU:PE:SR,./.:4:4:0
I,10946633,8,N,<DUP>,.,.,"SVTYPE=DUP;STRANDS=-+:6;SVLEN=1313;END=10947946;CIPOS=-313,9;CIEND=-10,352;CIPOS95=-133,2;CIEND95=-3,115;IMPRECISE;SU=6;PE=6;SR=0",GT:SU:PE:SR,./.:6:6:0
I,10947947,9,N,<DEL>,.,.,"SVTYPE=DEL;STRANDS=+-:7;SVLEN=-953;END=10948900;CIPOS=-10,334;CIEND=-67,9;CIPOS95=-3,48;CIEND95=-28,3;IMPRECISE;SU=7;PE=7;SR=0",GT:SU:PE:SR,./.:7:7:0
I,10946637,10,N,<DUP>,.,.,"SVTYPE=DUP;STRANDS=-+:8;SVLEN=2976;END=10949613;CIPOS=-580,8;CIEND=-10,536;CIPOS95=-108,1;CIEND95=-2,97;IMPRECISE;SU=8;PE=8;SR=0",GT:SU:PE:SR,./.:8:8:0
I,10947501,11,N,<DUP>,.,.,"SVTYPE=DUP;STRANDS=-+:6;SVLEN=2116;END=10949617;CIPOS=-433,9;CIEND=-10,535;CIPOS95=-69,3;CIEND95=-1,102;IMPRECISE;SU=6;PE=6;SR=0",GT:SU:PE:SR,./.:6:6:0
I,12093616,12,N,<DUP>,.,.,"SVTYPE=DUP;STRANDS=-+:6;SVLEN=650;END=12094266;CIPOS=-487,9;CIEND=-10,393;CIPOS95=-83,1;CIEND95=-3,65;IMPRECISE;SU=6;PE=6;SR=0",GT:SU:PE:SR,./.:6:6:0
I,14002199,13,N,<DUP>,.,.,"SVTYPE=DUP;STRANDS=-+:7;SVLEN=4198;END=14006397;CIPOS=-10,9;CIEND=-10,9;CIPOS95=-2,3;CIEND95=-1,3;IMPRECISE;SU=7;PE=6;SR=1",GT:SU:PE:SR,./.:7:6:1
I,14425428,14,N,<DEL>,.,.,"SVTYPE=DEL;STRANDS=+-:5;SVLEN=-270;END=14425698;CIPOS=-10,9;CIEND=-10,9;CIPOS95=0,0;CIEND95=0,0;SU=5;PE=0;SR=5",GT:SU:PE:SR,./.:5:0:5
II,2467415,15,N,<DUP>,.,.,"SVTYPE=DUP;STRANDS=-+:4;SVLEN=4841;END=2472256;CIPOS=-9,8;CIEND=-9,8;CIPOS95=0,0;CIEND95=0,0;SU=4;PE=0;SR=4",GT:SU:PE:SR,./.:4:0:4
II,2570381,16,N,<DUP>,.,.,"SVTYPE=DUP;STRANDS=-+:23;SVLEN=669;END=2571050;CIPOS=-154,9;CIEND=-10,253;CIPOS95=-19,3;CIEND95=-3,20;IMPRECISE;SU=23;PE=23;SR=0",GT:SU:PE:SR,./.:23:23:0
II,2874612,17,N,<DEL>,.,.,"SVTYPE=DEL;STRANDS=+-:4;SVLEN=-93;END=2874705;CIPOS=-9,8;CIEND=-9,8;CIPOS95=0,0;CIEND95=0,0;SU=4;PE=0;SR=4",GT:SU:PE:SR,./.:4:0:4
II,2897727,18,N,<DUP>,.,.,"SVTYPE=DUP;STRANDS=-+:4;SVLEN=997;END=2898724;CIPOS=-582,9;CIEND=-10,595;CIPOS95=-122,2;CIEND95=-2,128;IMPRECISE;SU=4;PE=4;SR=0",GT:SU:PE:SR,./.:4:4:0
II,2897941,19,N,<DEL>,.,.,"SVTYPE=DEL;STRANDS=+-:5;SVLEN=-549;END=2898490;CIPOS=-10,546;CIEND=-237,9;CIPOS95=-2,101;CIEND95=-74,2;IMPRECISE;SU=5;PE=5;SR=0",GT:SU:PE:SR,./.:5:5:0
II,3834811,20,N,<DEL>,.,.,"SVTYPE=DEL;STRANDS=+-:5;SVLEN=-31;END=3834842;CIPOS=-10,9;CIEND=-10,9;CIPOS95=0,0;CIEND95=0,0;SU=5;PE=0;SR=5",GT:SU:PE:SR,./.:5:0:5
II,6630113,21,N,<DUP>,.,.,"SVTYPE=DUP;STRANDS=-+:5;SVLEN=770;END=6630883;CIPOS=-10,9;CIEND=-10,9;CIPOS95=-1,1;CIEND95=-1,1;IMPRECISE;SU=5;PE=3;SR=2",GT:SU:PE:SR,./.:5:3:2
II,10873915,22_1,N,[II:10875156[N,.,.,"SVTYPE=BND;STRANDS=--:6;EVENT=22;MATEID=22_2;CIPOS=-9,9;CIEND=-8,5;CIPOS95=0,0;CIEND95=-1,0;IMPRECISE;SU=6;PE=1;SR=5",GT:SU:PE:SR,./.:6:1:5
II,10875156,22_2,N,[II:10873915[N,.,.,"SVTYPE=BND;STRANDS=--:6;SECONDARY;EVENT=22;MATEID=22_1;CIPOS=-8,5;CIEND=-9,9;CIPOS95=-1,0;CIEND95=0,0;IMPRECISE;SU=6;PE=1;SR=5",GT:SU:PE:SR,./.:6:1:5
II,11211587,23,N,<DUP>,.,.,"SVTYPE=DUP;STRANDS=-+:4;SVLEN=515;END=11212102;CIPOS=-582,9;CIEND=-10,544;CIPOS95=-123,1;CIEND95=-2,114;IMPRECISE;SU=4;PE=4;SR=0",GT:SU:PE:SR,./.:4:4:0
II,12803612,24_1,N,N]II:12803749],.,.,"SVTYPE=BND;STRANDS=++:12;EVENT=24;MATEID=24_2;CIPOS=-4,2;CIEND=-4,2;CIPOS95=0,0;CIEND95=0,0;SU=12;PE=1;SR=11",GT:SU:PE:SR,./.:12:1:11
II,12803749,24_2,N,N]II:12803612],.,.,"SVTYPE=BND;STRANDS=++:12;SECONDARY;EVENT=24;MATEID=24_1;CIPOS=-4,2;CIEND=-4,2;CIPOS95=0,0;CIEND95=0,0;SU=12;PE=1;SR=11",GT:SU:PE:SR,./.:12:1:11
II,13870622,25,N,<DUP>,.,.,"SVTYPE=DUP;STRANDS=-+:7;SVLEN=522;END=13871144;CIPOS=-10,9;CIEND=-10,9;CIPOS95=-3,1;CIEND95=-2,3;IMPRECISE;SU=7;PE=6;SR=1",GT:SU:PE:SR,./.:7:6:1
II,13985132,26,N,<DEL>,.,.,"SVTYPE=DEL;STRANDS=+-:6;SVLEN=-1485;END=13986617;CIPOS=-10,611;CIEND=-611,9;CIPOS95=-2,149;CIEND95=-153,2;IMPRECISE;SU=6;PE=6;SR=0",GT:SU:PE:SR,./.:6:6:0
II,13984938,27,N,<DUP>,.,.,"SVTYPE=DUP;STRANDS=-+:7;SVLEN=1820;END=13986758;CIPOS=-9,8;CIEND=-10,8;CIPOS95=0,1;CIEND95=0,0;IMPRECISE;SU=7;PE=3;SR=4",GT:SU:PE:SR,./.:7:3:4
III,158848,28,N,<DUP>,.,.,"SVTYPE=DUP;STRANDS=-+:15;SVLEN=3514;END=162362;CIPOS=-10,9;CIEND=-3,2;CIPOS95=0,0;CIEND95=0,0;SU=15;PE=5;SR=10",GT:SU:PE:SR,./.:15:5:10
III,5507062,29,N,<DUP>,.,.,"SVTYPE=DUP;STRANDS=-+:12;SVLEN=2273;END=5509335;CIPOS=-10,9;CIEND=-10,9;CIPOS95=-1,0;CIEND95=-1,1;IMPRECISE;SU=12;PE=10;SR=2",GT:SU:PE:SR,./.:12:10:2
III,13778121,30_1,N,[III:13778981[N,.,.,"SVTYPE=BND;STRANDS=--:6;EVENT=30;MATEID=30_2;CIPOS=-458,9;CIEND=-516,9;CIPOS95=-76,2;CIEND95=-90,1;IMPRECISE;SU=6;PE=6;SR=0",GT:SU:PE:SR,./.:6:6:0
III,13778981,30_2,N,[III:13778121[N,.,.,"SVTYPE=BND;STRANDS=--:6;SECONDARY;EVENT=30;MATEID=30_1;CIPOS=-516,9;CIEND=-458,9;CIPOS95=-90,1;CIEND95=-76,2;IMPRECISE;SU=6;PE=6;SR=0",GT:SU:PE:SR,./.:6:6:0
III,11562915,31_1,N,[III:11563031[N,.,.,"SVTYPE=BND;STRANDS=--:5;EVENT=31;MATEID=31_2;CIPOS=-10,9;CIEND=-10,9;CIPOS95=0,0;CIEND95=0,0;SU=5;PE=0;SR=5",GT:SU:PE:SR,./.:5:0:5
III,11563031,31_2,N,[III:11562915[N,.,.,"SVTYPE=BND;STRANDS=--:5;SECONDARY;EVENT=31;MATEID=31_1;CIPOS=-10,9;CIEND=-10,9;CIPOS95=0,0;CIEND95=0,0;SU=5;PE=0;SR=5",GT:SU:PE:SR,./.:5:0:5
IV,1831047,32,N,<DUP>,.,.,"SVTYPE=DUP;STRANDS=-+:4;SVLEN=540;END=1831587;CIPOS=-534,9;CIEND=-10,516;CIPOS95=-115,2;CIEND95=-2,102;IMPRECISE;SU=4;PE=4;SR=0",GT:SU:PE:SR,./.:4:4:0
IV,1950186,33,N,<DEL>,.,.,"SVTYPE=DEL;STRANDS=+-:6;SVLEN=-665;END=1950851;CIPOS=-10,506;CIEND=-554,9;CIPOS95=-1,88;CIEND95=-94,2;IMPRECISE;SU=6;PE=6;SR=0",GT:SU:PE:SR,./.:6:6:0
IV,3136176,34,N,<INV>,.,.,"SVTYPE=INV;STRANDS=++:14,--:11;SVLEN=33856;END=3170032;CIPOS=-7,1;CIEND=-7,1;CIPOS95=-1,0;CIEND95=-2,0;IMPRECISE;SU=25;PE=8;SR=17",GT:SU:PE:SR,./.:25:8:17
IV,8374021,35_1,N,N]IV:8374729],.,.,"SVTYPE=BND;STRANDS=++:4;EVENT=35;MATEID=35_2;CIPOS=-10,469;CIEND=-10,560;CIPOS95=-2,118;CIEND95=-2,118;IMPRECISE;SU=4;PE=4;SR=0",GT:SU:PE:SR,./.:4:4:0
IV,8374729,35_2,N,N]IV:8374021],.,.,"SVTYPE=BND;STRANDS=++:4;SECONDARY;EVENT=35;MATEID=35_1;CIPOS=-10,560;CIEND=-10,469;CIPOS95=-2,118;CIEND95=-2,118;IMPRECISE;SU=4;PE=4;SR=0",GT:SU:PE:SR,./.:4:4:0
IV,8573489,36,N,<DUP>,.,.,"SVTYPE=DUP;STRANDS=-+:5;SVLEN=1266;END=8574755;CIPOS=-599,9;CIEND=-10,584;CIPOS95=-106,2;CIEND95=-1,113;IMPRECISE;SU=5;PE=5;SR=0",GT:SU:PE:SR,./.:5:5:0
IV,8573697,37,N,<DEL>,.,.,"SVTYPE=DEL;STRANDS=+-:29;SVLEN=-869;END=8574566;CIPOS=-10,165;CIEND=-600,9;CIPOS95=-3,31;CIEND95=-39,2;IMPRECISE;SU=29;PE=29;SR=0",GT:SU:PE:SR,./.:29:29:0
IV,8576406,38,N,<DUP>,.,.,"SVTYPE=DUP;STRANDS=-+:10;SVLEN=3038;END=8579444;CIPOS=-599,9;CIEND=-10,138;CIPOS95=-101,2;CIEND95=-2,69;IMPRECISE;SU=10;PE=10;SR=0",GT:SU:PE:SR,./.:10:10:0
IV,8573845,39,N,<DEL>,.,.,"SVTYPE=DEL;STRANDS=+-:7;SVLEN=-5397;END=8579242;CIPOS=-10,15;CIEND=-150,9;CIPOS95=-3,12;CIEND95=-64,2;IMPRECISE;SU=7;PE=7;SR=0",GT:SU:PE:SR,./.:7:7:0
IV,8573450,40,N,<DUP>,.,.,"SVTYPE=DUP;STRANDS=-+:11;SVLEN=6714;END=8580164;CIPOS=-557,9;CIEND=-10,79;CIPOS95=-54,2;CIEND95=-3,21;IMPRECISE;SU=11;PE=11;SR=0",GT:SU:PE:SR,./.:11:11:0
IV,8574756,41,N,<DEL>,.,.,"SVTYPE=DEL;STRANDS=+-:6;SVLEN=-6042;END=8580798;CIPOS=-10,556;CIEND=-556,9;CIPOS95=-2,102;CIEND95=-100,2;IMPRECISE;SU=6;PE=6;SR=0",GT:SU:PE:SR,./.:6:6:0
IV,8579724,42,N,<DEL>,.,.,"SVTYPE=DEL;STRANDS=+-:6;SVLEN=-1076;END=8580800;CIPOS=-10,635;CIEND=-608,9;CIPOS95=-2,134;CIEND95=-127,1;IMPRECISE;SU=6;PE=6;SR=0",GT:SU:PE:SR,./.:6:6:0
IV,8573469,43,N,<DUP>,.,.,"SVTYPE=DUP;STRANDS=-+:5;SVLEN=8197;END=8581666;CIPOS=-589,9;CIEND=-10,581;CIPOS95=-102,2;CIEND95=-2,115;IMPRECISE;SU=5;PE=5;SR=0",GT:SU:PE:SR,./.:5:5:0
IV,9852302,44,N,<DUP>,.,.,"SVTYPE=DUP;STRANDS=-+:5;SVLEN=194;END=9852496;CIPOS=-10,9;CIEND=-10,9;CIPOS95=0,0;CIEND95=0,0;SU=5;PE=0;SR=5",GT:SU:PE:SR,./.:5:0:5
IV,10350537,45_1,N,[IV:10350682[N,.,.,"SVTYPE=BND;STRANDS=--:9;EVENT=45;MATEID=45_2;CIPOS=-6,3;CIEND=-10,9;CIPOS95=0,0;CIEND95=0,0;SU=9;PE=2;SR=7",GT:SU:PE:SR,./.:9:2:7
IV,10350682,45_2,N,[IV:10350537[N,.,.,"SVTYPE=BND;STRANDS=--:9;SECONDARY;EVENT=45;MATEID=45_1;CIPOS=-10,9;CIEND=-6,3;CIPOS95=0,0;CIEND95=0,0;SU=9;PE=2;SR=7",GT:SU:PE:SR,./.:9:2:7
IV,13360835,46,N,<DUP>,.,.,"SVTYPE=DUP;STRANDS=-+:7;SVLEN=936;END=13361771;CIPOS=-181,9;CIEND=-10,301;CIPOS95=-67,3;CIEND95=-3,72;IMPRECISE;SU=7;PE=7;SR=0",GT:SU:PE:SR,./.:7:7:0
IV,17492403,47_1,N,N]IV:17493098],.,.,"SVTYPE=BND;STRANDS=++:8;EVENT=47;MATEID=47_2;CIPOS=-10,9;CIEND=-10,9;CIPOS95=-2,3;CIEND95=-1,3;IMPRECISE;SU=8;PE=7;SR=1",GT:SU:PE:SR,./.:8:7:1
IV,17493098,47_2,N,N]IV:17492403],.,.,"SVTYPE=BND;STRANDS=++:8;SECONDARY;EVENT=47;MATEID=47_1;CIPOS=-10,9;CIEND=-10,9;CIPOS95=-1,3;CIEND95=-2,3;IMPRECISE;SU=8;PE=7;SR=1",GT:SU:PE:SR,./.:8:7:1
V,265081,48,N,<DUP>,.,.,"SVTYPE=DUP;STRANDS=-+:52;SVLEN=814;END=265895;CIPOS=-369,9;CIEND=-10,91;CIPOS95=-11,1;CIEND95=-3,14;IMPRECISE;SU=52;PE=52;SR=0",GT:SU:PE:SR,./.:52:52:0
V,1645712,49,N,<DEL>,.,.,"SVTYPE=DEL;STRANDS=+-:10;SVLEN=-1785;END=1647497;CIPOS=-5,4;CIEND=-10,9;CIPOS95=0,0;CIEND95=0,0;SU=10;PE=3;SR=7",GT:SU:PE:SR,./.:10:3:7
V,1712553,50,N,<DUP>,.,.,"SVTYPE=DUP;STRANDS=-+:5;SVLEN=2121;END=1714674;CIPOS=-174,9;CIEND=-10,3;CIPOS95=-75,3;CIEND95=-10,3;IMPRECISE;SU=5;PE=5;SR=0",GT:SU:PE:SR,./.:5:5:0
V,5283739,51,N,<DUP>,.,.,"SVTYPE=DUP;STRANDS=-+:4;SVLEN=1150;END=5284889;CIPOS=-266,9;CIEND=-10,601;CIPOS95=-99,2;CIEND95=-2,125;IMPRECISE;SU=4;PE=4;SR=0",GT:SU:PE:SR,./.:4:4:0
V,5284241,52,N,<DEL>,.,.,"SVTYPE=DEL;STRANDS=+-:4;SVLEN=-869;END=5285110;CIPOS=-10,503;CIEND=-291,9;CIPOS95=-2,104;CIEND95=-96,2;IMPRECISE;SU=4;PE=4;SR=0",GT:SU:PE:SR,./.:4:4:0
V,5284502,53,N,<DUP>,.,.,"SVTYPE=DUP;STRANDS=-+:5;SVLEN=1338;END=5285840;CIPOS=-30,9;CIEND=-10,421;CIPOS95=-19,2;CIEND95=-3,81;IMPRECISE;SU=5;PE=5;SR=0",GT:SU:PE:SR,./.:5:5:0
V,6081822,54,N,<DEL>,.,.,"SVTYPE=DEL;STRANDS=+-:8;SVLEN=-13014;END=6094836;CIPOS=-10,9;CIEND=-10,9;CIPOS95=0,0;CIEND95=0,0;SU=8;PE=0;SR=8",GT:SU:PE:SR,./.:8:0:8
V,7922530,55,N,<DUP>,.,.,"SVTYPE=DUP;STRANDS=-+:8;SVLEN=1396;END=7923926;CIPOS=-438,9;CIEND=-10,368;CIPOS95=-75,2;CIEND95=-3,42;IMPRECISE;SU=8;PE=8;SR=0",GT:SU:PE:SR,./.:8:8:0
V,12509959,56,N,<DUP>,.,.,"SVTYPE=DUP;STRANDS=-+:14;SVLEN=699;END=12510658;CIPOS=-10,9;CIEND=-10,9;CIPOS95=0,0;CIEND95=0,0;SU=14;PE=5;SR=9",GT:SU:PE:SR,./.:14:5:9
V,13362655,57,N,<DUP>,.,.,"SVTYPE=DUP;STRANDS=-+:14;SVLEN=4446;END=13367101;CIPOS=-4,2;CIEND=-5,3;CIPOS95=0,0;CIEND95=0,0;SU=14;PE=5;SR=9",GT:SU:PE:SR,./.:14:5:9
V,14766654,58,N,<DUP>,.,.,"SVTYPE=DUP;STRANDS=-+:6;SVLEN=1011;END=14767665;CIPOS=0,4;CIEND=-10,302;CIPOS95=0,3;CIEND95=-3,63;IMPRECISE;SU=6;PE=6;SR=0",GT:SU:PE:SR,./.:6:6:0
V,15426624,59,N,<DUP>,.,.,"SVTYPE=DUP;STRANDS=-+:19;SVLEN=8958;END=15435582;CIPOS=-10,9;CIEND=-2,1;CIPOS95=0,0;CIEND95=0,0;SU=19;PE=5;SR=14",GT:SU:PE:SR,./.:19:5:14
V,19428035,60,N,<DUP>,.,.,"SVTYPE=DUP;STRANDS=-+:13;SVLEN=3260;END=19431295;CIPOS=-10,9;CIEND=-4,4;CIPOS95=0,0;CIEND95=0,0;SU=13;PE=6;SR=7",GT:SU:PE:SR,./.:13:6:7
V,17880260,61,N,<DUP>,.,.,"SVTYPE=DUP;STRANDS=-+:4;SVLEN=1544;END=17881804;CIPOS=-561,9;CIEND=-10,590;CIPOS95=-111,2;CIEND95=-2,120;IMPRECISE;SU=4;PE=4;SR=0",GT:SU:PE:SR,./.:4:4:0
V,18703461,62,N,<DUP>,.,.,"SVTYPE=DUP;STRANDS=-+:23;SVLEN=22039;END=18725500;CIPOS=-10,9;CIEND=-10,9;CIPOS95=0,0;CIEND95=0,0;SU=23;PE=9;SR=14",GT:SU:PE:SR,./.:23:9:14
V,19820224,63,N,<DEL>,.,.,"SVTYPE=DEL;STRANDS=+-:6;SVLEN=-82;END=19820306;CIPOS=-6,5;CIEND=-6,5;CIPOS95=0,0;CIEND95=0,0;SU=6;PE=0;SR=6",GT:SU:PE:SR,./.:6:0:6
X,3301753,64,N,<DUP>,.,.,"SVTYPE=DUP;STRANDS=-+:7;SVLEN=2841;END=3304594;CIPOS=-10,7;CIEND=0,9;CIPOS95=-3,0;CIEND95=0,9;IMPRECISE;SU=7;PE=6;SR=1",GT:SU:PE:SR,./.:7:6:1
X,10750059,65,N,<DUP>,.,.,"SVTYPE=DUP;STRANDS=-+:4;SVLEN=1155;END=10751214;CIPOS=-437,9;CIEND=-10,568;CIPOS95=-117,2;CIEND95=-2,118;IMPRECISE;SU=4;PE=4;SR=0",GT:SU:PE:SR,./.:4:4:0
X,12190996,66_1,N,N]X:12199124],.,.,"SVTYPE=BND;STRANDS=++:14;EVENT=66;MATEID=66_2;CIPOS=-4,3;CIEND=-4,3;CIPOS95=0,0;CIEND95=0,0;SU=14;PE=6;SR=8",GT:SU:PE:SR,./.:14:6:8
X,12199124,66_2,N,N]X:12190996],.,.,"SVTYPE=BND;STRANDS=++:14;SECONDARY;EVENT=66;MATEID=66_1;CIPOS=-4,3;CIEND=-4,3;CIPOS95=0,0;CIEND95=0,0;SU=14;PE=6;SR=8",GT:SU:PE:SR,./.:14:6:8
MtDNA,9,67,N,<DUP>,.,.,"SVTYPE=DUP;STRANDS=-+:43;SVLEN=13785;END=13794;CIPOS=0,0;CIEND=-10,9;CIPOS95=0,1;CIEND95=0,0;IMPRECISE;SU=43;PE=14;SR=29",GT:SU:PE:SR,./.:43:14:29
I,14448379,68_1,N,[III:2841292[N,.,.,"SVTYPE=BND;STRANDS=--:5;EVENT=68;MATEID=68_2;CIPOS=-10,9;CIEND=-10,9;CIPOS95=0,0;CIEND95=0,0;SU=5;PE=0;SR=5",GT:SU:PE:SR,./.:5:0:5
III,2841292,68_2,N,[I:14448379[N,.,.,"SVTYPE=BND;STRANDS=--:5;SECONDARY;EVENT=68;MATEID=68_1;CIPOS=-10,9;CIEND=-10,9;CIPOS95=0,0;CIEND95=0,0;SU=5;PE=0;SR=5",GT:SU:PE:SR,./.:5:0:5
I,14862461,69_1,N,N[III:5315047[,.,.,"SVTYPE=BND;STRANDS=+-:5;EVENT=69;MATEID=69_2;CIPOS=-8,8;CIEND=-9,6;CIPOS95=0,0;CIEND95=0,0;SU=5;PE=1;SR=4",GT:SU:PE:SR,./.:5:1:4
III,5315047,69_2,N,]I:14862461]N,.,.,"SVTYPE=BND;STRANDS=-+:5;SECONDARY;EVENT=69;MATEID=69_1;CIPOS=-9,6;CIEND=-8,8;CIPOS95=0,0;CIEND95=0,0;SU=5;PE=1;SR=4",GT:SU:PE:SR,./.:5:1:4
I,229060,70_1,N,]IV:6006336]N,.,.,"SVTYPE=BND;STRANDS=-+:10;EVENT=70;MATEID=70_2;CIPOS=-5,3;CIEND=-10,9;CIPOS95=0,0;CIEND95=0,0;SU=10;PE=3;SR=7",GT:SU:PE:SR,./.:10:3:7
IV,6006336,70_2,N,N[I:229060[,.,.,"SVTYPE=BND;STRANDS=+-:10;SECONDARY;EVENT=70;MATEID=70_1;CIPOS=-10,9;CIEND=-5,3;CIPOS95=0,0;CIEND95=0,0;SU=10;PE=3;SR=7",GT:SU:PE:SR,./.:10:3:7
I,230275,71_1,N,N[IV:13457051[,.,.,"SVTYPE=BND;STRANDS=+-:4;EVENT=71;MATEID=71_2;CIPOS=-9,8;CIEND=-9,8;CIPOS95=0,0;CIEND95=0,0;SU=4;PE=0;SR=4",GT:SU:PE:SR,./.:4:0:4
IV,13457051,71_2,N,]I:230275]N,.,.,"SVTYPE=BND;STRANDS=-+:4;SECONDARY;EVENT=71;MATEID=71_1;CIPOS=-9,8;CIEND=-9,8;CIPOS95=0,0;CIEND95=0,0;SU=4;PE=0;SR=4",GT:SU:PE:SR,./.:4:0:4
I,230518,72_1,N,]IV:13457095]N,.,.,"SVTYPE=BND;STRANDS=-+:9;EVENT=72;MATEID=72_2;CIPOS=-5,3;CIEND=-10,9;CIPOS95=0,0;CIEND95=0,0;SU=9;PE=2;SR=7",GT:SU:PE:SR,./.:9:2:7
IV,13457095,72_2,N,N[I:230518[,.,.,"SVTYPE=BND;STRANDS=+-:9;SECONDARY;EVENT=72;MATEID=72_1;CIPOS=-10,9;CIEND=-5,3;CIPOS95=0,0;CIEND95=0,0;SU=9;PE=2;SR=7",GT:SU:PE:SR,./.:9:2:7
I,1382017,73_1,N,[IV:13791955[N,.,.,"SVTYPE=BND;STRANDS=--:4;EVENT=73;MATEID=73_2;CIPOS=-9,8;CIEND=-9,8;CIPOS95=0,0;CIEND95=0,0;SU=4;PE=0;SR=4",GT:SU:PE:SR,./.:4:0:4
IV,13791955,73_2,N,[I:1382017[N,.,.,"SVTYPE=BND;STRANDS=--:4;SECONDARY;EVENT=73;MATEID=73_1;CIPOS=-9,8;CIEND=-9,8;CIPOS95=0,0;CIEND95=0,0;SU=4;PE=0;SR=4",GT:SU:PE:SR,./.:4:0:4
II,2141128,74_1,N,N[V:686153[,.,.,"SVTYPE=BND;STRANDS=+-:4;EVENT=74;MATEID=74_2;CIPOS=-9,9;CIEND=-10,9;CIPOS95=-1,1;CIEND95=-1,0;IMPRECISE;SU=4;PE=1;SR=3",GT:SU:PE:SR,./.:4:1:3
V,686153,74_2,N,]II:2141128]N,.,.,"SVTYPE=BND;STRANDS=-+:4;SECONDARY;EVENT=74;MATEID=74_1;CIPOS=-10,9;CIEND=-9,9;CIPOS95=-1,0;CIEND95=-1,1;IMPRECISE;SU=4;PE=1;SR=3",GT:SU:PE:SR,./.:4:1:3
III,11114436,75_1,N,N]V:17040203],.,.,"SVTYPE=BND;STRANDS=++:4;EVENT=75;MATEID=75_2;CIPOS=-10,542;CIEND=-10,595;CIPOS95=-2,110;CIEND95=-2,127;IMPRECISE;SU=4;PE=4;SR=0",GT:SU:PE:SR,./.:4:4:0
V,17040203,75_2,N,N]III:11114436],.,.,"SVTYPE=BND;STRANDS=++:4;SECONDARY;EVENT=75;MATEID=75_1;CIPOS=-10,595;CIEND=-10,542;CIPOS95=-2,127;CIEND95=-2,110;IMPRECISE;SU=4;PE=4;SR=0",GT:SU:PE:SR,./.:4:4:0
IV,6005695,76_1,N,[V:10866330[N,.,.,"SVTYPE=BND;STRANDS=--:5;EVENT=76;MATEID=76_2;CIPOS=-387,9;CIEND=-504,9;CIPOS95=-93,2;CIEND95=-101,2;IMPRECISE;SU=5;PE=5;SR=0",GT:SU:PE:SR,./.:5:5:0
V,10866330,76_2,N,[IV:6005695[N,.,.,"SVTYPE=BND;STRANDS=--:5;SECONDARY;EVENT=76;MATEID=76_1;CIPOS=-504,9;CIEND=-387,9;CIPOS95=-101,2;CIEND95=-93,2;IMPRECISE;SU=5;PE=5;SR=0",GT:SU:PE:SR,./.:5:5:0
IV,16571450,77_1,N,N[V:20705302[,.,.,"SVTYPE=BND;STRANDS=+-:4;EVENT=77;MATEID=77_2;CIPOS=-10,231;CIEND=-620,9;CIPOS95=-1,111;CIEND95=-134,0;IMPRECISE;SU=4;PE=4;SR=0",GT:SU:PE:SR,./.:4:4:0
V,20705302,77_2,N,]IV:16571450]N,.,.,"SVTYPE=BND;STRANDS=-+:4;SECONDARY;EVENT=77;MATEID=77_1;CIPOS=-620,9;CIEND=-10,231;CIPOS95=-134,0;CIEND95=-1,111;IMPRECISE;SU=4;PE=4;SR=0",GT:SU:PE:SR,./.:4:4:0
